model,train_samples,train_time_s,test_accuracy,test_f1_macro,test_bal_acc
RandomForest,41625,3.69,0.4247927927927928,0.42475473780742706,0.4247585150781383
KNN_15,41625,0.12,0.42299099099099097,0.4229766773429216,0.4229745027034599
DecisionTree,41625,0.81,0.39855855855855854,0.398552814116794,0.3985902938873016
XGBoost,41625,4.29,0.37189189189189187,0.3717547073217793,0.37185368994920487
SVC_RBF,41625,355.44,0.35754954954954954,0.3569911437015693,0.35739147614026906
LogReg,41625,7.61,0.33902702702702703,0.33512696800257274,0.3386065406631877
HistGB,41625,0.96,0.33837837837837836,0.32479053693874,0.33760581543948565
